Feature: f1                        Rank: 53,  Keep: False 
Feature: f2                        Rank: 2,  Keep: False 
Feature: f3                        Rank: 2,  Keep: False 
Feature: f4                        Rank: 63,  Keep: False 
Feature: f5                        Rank: 44,  Keep: False 
Feature: f6                        Rank: 2,  Keep: False 
Feature: f7                        Rank: 2,  Keep: False 
Feature: f8                        Rank: 58,  Keep: False 
Feature: f9                        Rank: 36,  Keep: False 
Feature: f10                       Rank: 64,  Keep: False 
Feature: f11                       Rank: 2,  Keep: False 
Feature: f12                       Rank: 61,  Keep: False 
Feature: f13                       Rank: 23,  Keep: False 
Feature: f14                       Rank: 40,  Keep: False 
Feature: f15                       Rank: 1,  Keep: True 
Feature: f16                       Rank: 56,  Keep: False 
Feature: f17                       Rank: 41,  Keep: False 
Feature: f18                       Rank: 57,  Keep: False 
Feature: f19                       Rank: 2,  Keep: False 
Feature: f20                       Rank: 2,  Keep: False 
Feature: f21                       Rank: 1,  Keep: True 
Feature: f22                       Rank: 1,  Keep: True 
Feature: f23                       Rank: 8,  Keep: False 
Feature: f24                       Rank: 103,  Keep: False 
Feature: f25                       Rank: 39,  Keep: False 
Feature: f26                       Rank: 1,  Keep: True 
Feature: f27                       Rank: 18,  Keep: False 
Feature: f28                       Rank: 103,  Keep: False 
Feature: f29                       Rank: 23,  Keep: False 
Feature: f30                       Rank: 1,  Keep: True 
Feature: f31                       Rank: 10,  Keep: False 
Feature: f32                       Rank: 101,  Keep: False 
Feature: f33                       Rank: 29,  Keep: False 
Feature: f34                       Rank: 1,  Keep: True 
Feature: f35                       Rank: 1,  Keep: True 
Feature: f36                       Rank: 104,  Keep: False 
Feature: f37                       Rank: 32,  Keep: False 
Feature: f38                       Rank: 1,  Keep: True 
Feature: f39                       Rank: 1,  Keep: True 
Feature: f40                       Rank: 15,  Keep: False 
Feature: f41                       Rank: 2,  Keep: False 
Feature: f42                       Rank: 12,  Keep: False 
Feature: f43                       Rank: 1,  Keep: True 
Feature: f44                       Rank: 70,  Keep: False 
Feature: f45                       Rank: 23,  Keep: False 
Feature: f46                       Rank: 5,  Keep: False 
Feature: f47                       Rank: 1,  Keep: True 
Feature: f48                       Rank: 81,  Keep: False 
Feature: f49                       Rank: 31,  Keep: False 
Feature: f50                       Rank: 1,  Keep: True 
Feature: f51                       Rank: 1,  Keep: True 
Feature: f52                       Rank: 72,  Keep: False 
Feature: f53                       Rank: 33,  Keep: False 
Feature: f54                       Rank: 1,  Keep: True 
Feature: f55                       Rank: 5,  Keep: False 
Feature: f56                       Rank: 76,  Keep: False 
Feature: f57                       Rank: 31,  Keep: False 
Feature: f58                       Rank: 2,  Keep: False 
Feature: f59                       Rank: 12,  Keep: False 
Feature: f60                       Rank: 1,  Keep: True 
Feature: f61                       Rank: 2,  Keep: False 
Feature: f62                       Rank: 50,  Keep: False 
Feature: f63                       Rank: 2,  Keep: False 
Feature: f64                       Rank: 96,  Keep: False 
Feature: f65                       Rank: 43,  Keep: False 
Feature: f66                       Rank: 65,  Keep: False 
Feature: f67                       Rank: 3,  Keep: False 
Feature: f68                       Rank: 74,  Keep: False 
Feature: f69                       Rank: 51,  Keep: False 
Feature: f70                       Rank: 1,  Keep: True 
Feature: f71                       Rank: 3,  Keep: False 
Feature: f72                       Rank: 84,  Keep: False 
Feature: f73                       Rank: 43,  Keep: False 
Feature: f74                       Rank: 2,  Keep: False 
Feature: f75                       Rank: 56,  Keep: False 
Feature: f76                       Rank: 83,  Keep: False 
Feature: f77                       Rank: 35,  Keep: False 
Feature: f78                       Rank: 1,  Keep: True 
Feature: f79                       Rank: 39,  Keep: False 
Feature: f80                       Rank: 2,  Keep: False 
Feature: f81                       Rank: 1,  Keep: True 
Feature: f82                       Rank: 35,  Keep: False 
Feature: f83                       Rank: 1,  Keep: True 
Feature: f84                       Rank: 71,  Keep: False 
Feature: f85                       Rank: 91,  Keep: False 
Feature: f86                       Rank: 37,  Keep: False 
Feature: f87                       Rank: 1,  Keep: True 
Feature: f88                       Rank: 92,  Keep: False 
Feature: f89                       Rank: 107,  Keep: False 
Feature: f90                       Rank: 1,  Keep: True 
Feature: f91                       Rank: 1,  Keep: True 
Feature: f92                       Rank: 52,  Keep: False 
Feature: f93                       Rank: 106,  Keep: False 
Feature: f94                       Rank: 1,  Keep: True 
Feature: f95                       Rank: 21,  Keep: False 
Feature: f96                       Rank: 85,  Keep: False 
Feature: f97                       Rank: 82,  Keep: False 
Feature: f98                       Rank: 1,  Keep: True 
Feature: f99                       Rank: 19,  Keep: False 
Feature: f100                      Rank: 1,  Keep: True 
Feature: f101                      Rank: 15,  Keep: False 
Feature: f102                      Rank: 88,  Keep: False 
Feature: f103                      Rank: 1,  Keep: True 
Feature: f104                      Rank: 100,  Keep: False 
Feature: f105                      Rank: 59,  Keep: False 
Feature: f106                      Rank: 63,  Keep: False 
Feature: f107                      Rank: 1,  Keep: True 
Feature: f108                      Rank: 66,  Keep: False 
Feature: f109                      Rank: 49,  Keep: False 
Feature: f110                      Rank: 8,  Keep: False 
Feature: f111                      Rank: 1,  Keep: True 
Feature: f112                      Rank: 98,  Keep: False 
Feature: f113                      Rank: 54,  Keep: False 
Feature: f114                      Rank: 25,  Keep: False 
Feature: f115                      Rank: 74,  Keep: False 
Feature: f116                      Rank: 97,  Keep: False 
Feature: f117                      Rank: 47,  Keep: False 
Feature: f118                      Rank: 18,  Keep: False 
Feature: f119                      Rank: 68,  Keep: False 
Feature: f120                      Rank: 1,  Keep: True 
Feature: f121                      Rank: 1,  Keep: True 
Feature: f122                      Rank: 8,  Keep: False 
Feature: f123                      Rank: 1,  Keep: True 
Feature: f124                      Rank: 88,  Keep: False 
Feature: f125                      Rank: 94,  Keep: False 
Feature: f126                      Rank: 12,  Keep: False 
Feature: f127                      Rank: 1,  Keep: True 
Feature: f128                      Rank: 89,  Keep: False 
Feature: f129                      Rank: 100,  Keep: False 
Feature: f130                      Rank: 1,  Keep: True 
Feature: f131                      Rank: 1,  Keep: True 
Feature: f132                      Rank: 95,  Keep: False 
Feature: f133                      Rank: 76,  Keep: False 
Feature: f134                      Rank: 1,  Keep: True 
Feature: f135                      Rank: 5,  Keep: False 
Feature: f136                      Rank: 93,  Keep: False 
Feature: f137                      Rank: 77,  Keep: False 
Feature: f138                      Rank: 1,  Keep: True 
Feature: f139                      Rank: 15,  Keep: False 
Feature: f140                      Rank: 1,  Keep: True 
Feature: f141                      Rank: 1,  Keep: True 
Feature: f142                      Rank: 81,  Keep: False 
Feature: f143                      Rank: 20,  Keep: False 
Feature: f144                      Rank: 86,  Keep: False 
Feature: f145                      Rank: 45,  Keep: False 
Feature: f146                      Rank: 90,  Keep: False 
Feature: f147                      Rank: 27,  Keep: False 
Feature: f148                      Rank: 79,  Keep: False 
Feature: f149                      Rank: 47,  Keep: False 
Feature: f150                      Rank: 2,  Keep: False 
Feature: f151                      Rank: 28,  Keep: False 
Feature: f152                      Rank: 106,  Keep: False 
Feature: f153                      Rank: 70,  Keep: False 
Feature: f154                      Rank: 1,  Keep: True 
Feature: f155                      Rank: 60,  Keep: False 
Feature: f156                      Rank: 67,  Keep: False 
Feature: f157                      Rank: 48,  Keep: False 
Feature: f158                      Rank: 1,  Keep: True 
Feature: f159                      Rank: 79,  Keep: False 
Feature: f160                      Rank: 26,  Keep: False 
